Observation,Data_Marking,Statistical_Unit_Eng,Statistical_Unit_Cym,Measure_Type_Eng,Measure_Type_Cym,Observation_Type,Empty,Obs_Type_Value,Unit_Multiplier,Unit_Of_Measure_Eng,Unit_Of_Measure_Cym,Confidentuality,Empty1,Geographic_Area,Empty2,Empty3,Time_Dim_Item_ID,Time_Dim_Item_Label_Eng,Time_Dim_Item_Label_Cym,Time_Type,Empty4,Statistical_Population_ID,Statistical_Population_Label_Eng,Statistical_Population_Label_Cym,CDID,CDIDDescrip,Empty5,Empty6,Empty7,Empty8,Empty9,Empty10,Empty11,Empty12,Dim_ID_1,dimension_Label_Eng_1,dimension_Label_Cym_1,Dim_Item_ID_1,dimension_Item_Label_Eng_1,dimension_Item_Label_Cym_1,Is_Total_1,Is_Sub_Total_1,Dim_ID_2,dimension_Label_Eng_2,dimension_Label_Cym_2,Dim_Item_ID_2,dimension_Item_Label_Eng_2,dimension_Item_Label_Cym_2,Is_Total_2,Is_Sub_Total_2
36929,,,,,,,,,,,,,,,,,2014,2014,,Year,,,,,,,,,,,,,,,NACE,NACE,,08,08 - Other mining and quarrying,,,,Prodcom Elements,Prodcom Elements,,UK manufacturer sales ID,UK manufacturer sales LABEL,,,
2229725,,,,,,,,,,,,,,,,,2014,2014,,Year,,,,,,,,,,,,,,,NACE,NACE,,08,08 - Other mining and quarrying,,,,Prodcom Elements,Prodcom Elements,,All other income,All other income,,,
2266654,,,,,,,,,,,,,,,,,2014,2014,,Year,,,,,,,,,,,,,,,NACE,NACE,,08,08 - Other mining and quarrying,,,,Prodcom Elements,Prodcom Elements,,Total UK manufacturer sales of products in this product group,Total UK manufacturer sales of products in this product group,,,
3404,,,,,,,,,,,,,,,,,2014,2014,,Year,,,,,,,,,,,,,,,NACE,NACE,,08,08 - Other mining and quarrying,,,,Prodcom Elements,Prodcom Elements,,Merchanted goods,Merchanted goods,,,
4333,,,,,,,,,,,,,,,,,2014,2014,,Year,,,,,,,,,,,,,,,NACE,NACE,,08,08 - Other mining and quarrying,,,,Prodcom Elements,Prodcom Elements,,Work done,Work done,,,
766,,,,,,,,,,,,,,,,,2014,2014,,Year,,,,,,,,,,,,,,,NACE,NACE,,08,08 - Other mining and quarrying,,,,Prodcom Elements,Prodcom Elements,,Waste Products,Waste Products,,,
96526,,,,,,,,,,,,,,,,,2014,2014,,Year,,,,,,,,,,,,,,,NACE,NACE,,08,08 - Other mining and quarrying,,,,Prodcom Elements,Prodcom Elements,,Non production income,Non production income,,,
-1917072,,,,,,,,,,,,,,,,,2014,2014,,Year,,,,,,,,,,,,,,,NACE,NACE,,08,08 - Other mining and quarrying,,,,Prodcom Elements,Prodcom Elements,,Net carry in/carry out,Net carry in/carry out,,,
454610,,,,,,,,,,,,,,,,,2014,2014,,Year,,,,,,,,,,,,,,,NACE,NACE,,08,08 - Other mining and quarrying,,,,Prodcom Elements,Prodcom Elements,,Total turnover of businesses classified to this industry,Total turnover of businesses classified to this industry,,,
19617,,,,,,,,,,,,,,,,,2014,2014,,Year,,,,,,,,,,,,,,,NACE,NACE,,0891,0891 - Mining of chemical and fertiliser minerals,,,,Prodcom Elements,Prodcom Elements,,UK manufacturer sales of individual products listed in this product group,UK manufacturer sales of individual products listed in this product group,,,
0,,,,,,,,,,,,,,,,,2014,2014,,Year,,,,,,,,,,,,,,,NACE,NACE,,0891,0891 - Mining of chemical and fertiliser minerals,,,,Prodcom Elements,Prodcom Elements,,Waste Products,Waste Products,,,
133127,,,,,,,,,,,,,,,,,2014,2014,,Year,,,,,,,,,,,,,,,NACE,NACE,,0891,0891 - Mining of chemical and fertiliser minerals,,,,Prodcom Elements,Prodcom Elements,,Net carry in/carry out,Net carry in/carry out,,,
17312,,,,,,,,,,,,,,,,,2014,2014,,Year,,,,,,,,,,,,,,,NACE,NACE,,0899,0899 - Other mining and quarrying n.e.c,,,,Prodcom Elements,Prodcom Elements,,UK manufacturer sales of individual products listed in this product group,UK manufacturer sales of individual products listed in this product group,,,
3176,,,,,,,,,,,,,,,,,2014,2014,,Year,,,,,,,,,,,,,,,NACE,NACE,,0899,0899 - Other mining and quarrying n.e.c,,,,Prodcom Elements,Prodcom Elements,,Work done,Work done,,,
0,,,,,,,,,,,,,,,,,2014,2014,,Year,,,,,,,,,,,,,,,NACE,NACE,,0899,0899 - Other mining and quarrying n.e.c,,,,Prodcom Elements,Prodcom Elements,,Waste Products,Waste Products,,,
2071,,,,,,,,,,,,,,,,,2014,2014,,Year,,,,,,,,,,,,,,,NACE,NACE,,0899,0899 - Other mining and quarrying n.e.c,,,,Prodcom Elements,Prodcom Elements,,Non production income,Non production income,,,
-22730,,,,,,,,,,,,,,,,,2014,2014,,Year,,,,,,,,,,,,,,,NACE,NACE,,0899,0899 - Other mining and quarrying n.e.c,,,,Prodcom Elements,Prodcom Elements,,Net carry in/carry out,Net carry in/carry out,,,
20895,,,,,,,,,,,,,,,,,2014,2014,,Year,,,,,,,,,,,,,,,NACE,NACE,,0899,0899 - Other mining and quarrying n.e.c,,,,Prodcom Elements,Prodcom Elements,,Total turnover of businesses classified to this industry,Total turnover of businesses classified to this industry,,,
62831139,,,,,,,,,,,,,,,,,2014,2014,,Year,,,,,,,,,,,,,,,NACE,NACE,,10,10 - Manufacture of food products,,,,Prodcom Elements,Prodcom Elements,,UK manufacturer sales of individual products listed in this product group,UK manufacturer sales of individual products listed in this product group,,,
5014859,,,,,,,,,,,,,,,,,2014,2014,,Year,,,,,,,,,,,,,,,NACE,NACE,,10,10 - Manufacture of food products,,,,Prodcom Elements,Prodcom Elements,,All other income,All other income,,,
67845998,,,,,,,,,,,,,,,,,2014,2014,,Year,,,,,,,,,,,,,,,NACE,NACE,,10,10 - Manufacture of food products,,,,Prodcom Elements,Prodcom Elements,,Total UK manufacturer sales of products in this product group,Total UK manufacturer sales of products in this product group,,,
6203387,,,,,,,,,,,,,,,,,2014,2014,,Year,,,,,,,,,,,,,,,NACE,NACE,,10,10 - Manufacture of food products,,,,Prodcom Elements,Prodcom Elements,,Merchanted goods,Merchanted goods,,,
709320,,,,,,,,,,,,,,,,,2014,2014,,Year,,,,,,,,,,,,,,,NACE,NACE,,10,10 - Manufacture of food products,,,,Prodcom Elements,Prodcom Elements,,Work done,Work done,,,
214612,,,,,,,,,,,,,,,,,2014,2014,,Year,,,,,,,,,,,,,,,NACE,NACE,,10,10 - Manufacture of food products,,,,Prodcom Elements,Prodcom Elements,,Waste Products,Waste Products,,,
710740,,,,,,,,,,,,,,,,,2014,2014,,Year,,,,,,,,,,,,,,,NACE,NACE,,10,10 - Manufacture of food products,,,,Prodcom Elements,Prodcom Elements,,Non production income,Non production income,,,
1377125,,,,,,,,,,,,,,,,,2014,2014,,Year,,,,,,,,,,,,,,,NACE,NACE,,10,10 - Manufacture of food products,,,,Prodcom Elements,Prodcom Elements,,Net carry in/carry out,Net carry in/carry out,,,
77061182,,,,,,,,,,,,,,,,,2014,2014,,Year,,,,,,,,,,,,,,,NACE,NACE,,10,10 - Manufacture of food products,,,,Prodcom Elements,Prodcom Elements,,Total turnover of businesses classified to this industry,Total turnover of businesses classified to this industry,,,
6588782,,,,,,,,,,,,,,,,,2014,2014,,Year,,,,,,,,,,,,,,,NACE,NACE,,1011,1011 - Processing and preserving of meat,,,,Prodcom Elements,Prodcom Elements,,UK manufacturer sales of individual products listed in this product group,UK manufacturer sales of individual products listed in this product group,,,
6988,,,,,,,,,,,,,,,,,2014,2014,,Year,,,,,,,,,,,,,,,NACE,NACE,,1011,1011 - Processing and preserving of meat,,,,Prodcom Elements,Prodcom Elements,,All other income,All other income,,,
6595769,,,,,,,,,,,,,,,,,2014,2014,,Year,,,,,,,,,,,,,,,NACE,NACE,,1011,1011 - Processing and preserving of meat,,,,Prodcom Elements,Prodcom Elements,,Total UK manufacturer sales of products in this product group,Total UK manufacturer sales of products in this product group,,,
73077,,,,,,,,,,,,,,,,,2014,2014,,Year,,,,,,,,,,,,,,,NACE,NACE,,1011,1011 - Processing and preserving of meat,,,,Prodcom Elements,Prodcom Elements,,Merchanted goods,Merchanted goods,,,
40514,,,,,,,,,,,,,,,,,2014,2014,,Year,,,,,,,,,,,,,,,NACE,NACE,,1011,1011 - Processing and preserving of meat,,,,Prodcom Elements,Prodcom Elements,,Work done,Work done,,,
9620,,,,,,,,,,,,,,,,,2014,2014,,Year,,,,,,,,,,,,,,,NACE,NACE,,1011,1011 - Processing and preserving of meat,,,,Prodcom Elements,Prodcom Elements,,Waste Products,Waste Products,,,
14832,,,,,,,,,,,,,,,,,2014,2014,,Year,,,,,,,,,,,,,,,NACE,NACE,,1011,1011 - Processing and preserving of meat,,,,Prodcom Elements,Prodcom Elements,,Non production income,Non production income,,,
249383,,,,,,,,,,,,,,,,,2014,2014,,Year,,,,,,,,,,,,,,,NACE,NACE,,1011,1011 - Processing and preserving of meat,,,,Prodcom Elements,Prodcom Elements,,Net carry in/carry out,Net carry in/carry out,,,
6983196,,,,,,,,,,,,,,,,,2014,2014,,Year,,,,,,,,,,,,,,,NACE,NACE,,1011,1011 - Processing and preserving of meat,,,,Prodcom Elements,Prodcom Elements,,Total turnover of businesses classified to this industry,Total turnover of businesses classified to this industry,,,
3605372,,,,,,,,,,,,,,,,,2014,2014,,Year,,,,,,,,,,,,,,,NACE,NACE,,1012,1012 - Processing and preserving of poultry meat,,,,Prodcom Elements,Prodcom Elements,,UK manufacturer sales of individual products listed in this product group,UK manufacturer sales of individual products listed in this product group,,,
106247,,,,,,,,,,,,,,,,,2014,2014,,Year,,,,,,,,,,,,,,,NACE,NACE,,1012,1012 - Processing and preserving of poultry meat,,,,Prodcom Elements,Prodcom Elements,,All other income,All other income,,,
3711619,,,,,,,,,,,,,,,,,2014,2014,,Year,,,,,,,,,,,,,,,NACE,NACE,,1012,1012 - Processing and preserving of poultry meat,,,,Prodcom Elements,Prodcom Elements,,Total UK manufacturer sales of products in this product group,Total UK manufacturer sales of products in this product group,,,
230009,,,,,,,,,,,,,,,,,2014,2014,,Year,,,,,,,,,,,,,,,NACE,NACE,,1012,1012 - Processing and preserving of poultry meat,,,,Prodcom Elements,Prodcom Elements,,Merchanted goods,Merchanted goods,,,
2459,,,,,,,,,,,,,,,,,2014,2014,,Year,,,,,,,,,,,,,,,NACE,NACE,,1012,1012 - Processing and preserving of poultry meat,,,,Prodcom Elements,Prodcom Elements,,Work done,Work done,,,
18172,,,,,,,,,,,,,,,,,2014,2014,,Year,,,,,,,,,,,,,,,NACE,NACE,,1012,1012 - Processing and preserving of poultry meat,,,,Prodcom Elements,Prodcom Elements,,Waste Products,Waste Products,,,
67687,,,,,,,,,,,,,,,,,2014,2014,,Year,,,,,,,,,,,,,,,NACE,NACE,,1012,1012 - Processing and preserving of poultry meat,,,,Prodcom Elements,Prodcom Elements,,Non production income,Non production income,,,
509093,,,,,,,,,,,,,,,,,2014,2014,,Year,,,,,,,,,,,,,,,NACE,NACE,,1012,1012 - Processing and preserving of poultry meat,,,,Prodcom Elements,Prodcom Elements,,Net carry in/carry out,Net carry in/carry out,,,
4539038,,,,,,,,,,,,,,,,,2014,2014,,Year,,,,,,,,,,,,,,,NACE,NACE,,1012,1012 - Processing and preserving of poultry meat,,,,Prodcom Elements,Prodcom Elements,,Total turnover of businesses classified to this industry,Total turnover of businesses classified to this industry,,,
5443389,,,,,,,,,,,,,,,,,2014,2014,,Year,,,,,,,,,,,,,,,NACE,NACE,,1013,1013 - Production of meat and poultry meat products,,,,Prodcom Elements,Prodcom Elements,,UK manufacturer sales of individual products listed in this product group,UK manufacturer sales of individual products listed in this product group,,,
32760,,,,,,,,,,,,,,,,,2014,2014,,Year,,,,,,,,,,,,,,,NACE,NACE,,1013,1013 - Production of meat and poultry meat products,,,,Prodcom Elements,Prodcom Elements,,All other income,All other income,,,
5476148,,,,,,,,,,,,,,,,,2014,2014,,Year,,,,,,,,,,,,,,,NACE,NACE,,1013,1013 - Production of meat and poultry meat products,,,,Prodcom Elements,Prodcom Elements,,Total UK manufacturer sales of products in this product group,Total UK manufacturer sales of products in this product group,,,
190916,,,,,,,,,,,,,,,,,2014,2014,,Year,,,,,,,,,,,,,,,NACE,NACE,,1013,1013 - Production of meat and poultry meat products,,,,Prodcom Elements,Prodcom Elements,,Merchanted goods,Merchanted goods,,,
444,,,,,,,,,,,,,,,,,2014,2014,,Year,,,,,,,,,,,,,,,NACE,NACE,,1013,1013 - Production of meat and poultry meat products,,,,Prodcom Elements,Prodcom Elements,,Work done,Work done,,,
3001,,,,,,,,,,,,,,,,,2014,2014,,Year,,,,,,,,,,,,,,,NACE,NACE,,1013,1013 - Production of meat and poultry meat products,,,,Prodcom Elements,Prodcom Elements,,Waste Products,Waste Products,,,
4608,,,,,,,,,,,,,,,,,2014,2014,,Year,,,,,,,,,,,,,,,NACE,NACE,,1013,1013 - Production of meat and poultry meat products,,,,Prodcom Elements,Prodcom Elements,,Non production income,Non production income,,,
87333,,,,,,,,,,,,,,,,,2014,2014,,Year,,,,,,,,,,,,,,,NACE,NACE,,1013,1013 - Production of meat and poultry meat products,,,,Prodcom Elements,Prodcom Elements,,Net carry in/carry out,Net carry in/carry out,,,
5762450,,,,,,,,,,,,,,,,,2014,2014,,Year,,,,,,,,,,,,,,,NACE,NACE,,1013,1013 - Production of meat and poultry meat products,,,,Prodcom Elements,Prodcom Elements,,Total turnover of businesses classified to this industry,Total turnover of businesses classified to this industry,,,
2097829,,,,,,,,,,,,,,,,,2014,2014,,Year,,,,,,,,,,,,,,,NACE,NACE,,1020,"1020 - Processing and preserving of fish, crustaceans and molluscs",,,,Prodcom Elements,Prodcom Elements,,UK manufacturer sales of individual products listed in this product group,UK manufacturer sales of individual products listed in this product group,,,
126350,,,,,,,,,,,,,,,,,2014,2014,,Year,,,,,,,,,,,,,,,NACE,NACE,,1020,"1020 - Processing and preserving of fish, crustaceans and molluscs",,,,Prodcom Elements,Prodcom Elements,,All other income,All other income,,,
2224180,,,,,,,,,,,,,,,,,2014,2014,,Year,,,,,,,,,,,,,,,NACE,NACE,,1020,"1020 - Processing and preserving of fish, crustaceans and molluscs",,,,Prodcom Elements,Prodcom Elements,,Total UK manufacturer sales of products in this product group,Total UK manufacturer sales of products in this product group,,,
163003,,,,,,,,,,,,,,,,,2014,2014,,Year,,,,,,,,,,,,,,,NACE,NACE,,1020,"1020 - Processing and preserving of fish, crustaceans and molluscs",,,,Prodcom Elements,Prodcom Elements,,Merchanted goods,Merchanted goods,,,
12731,,,,,,,,,,,,,,,,,2014,2014,,Year,,,,,,,,,,,,,,,NACE,NACE,,1020,"1020 - Processing and preserving of fish, crustaceans and molluscs",,,,Prodcom Elements,Prodcom Elements,,Work done,Work done,,,
5067,,,,,,,,,,,,,,,,,2014,2014,,Year,,,,,,,,,,,,,,,NACE,NACE,,1020,"1020 - Processing and preserving of fish, crustaceans and molluscs",,,,Prodcom Elements,Prodcom Elements,,Waste Products,Waste Products,,,
26502,,,,,,,,,,,,,,,,,2014,2014,,Year,,,,,,,,,,,,,,,NACE,NACE,,1020,"1020 - Processing and preserving of fish, crustaceans and molluscs",,,,Prodcom Elements,Prodcom Elements,,Non production income,Non production income,,,
303970,,,,,,,,,,,,,,,,,2014,2014,,Year,,,,,,,,,,,,,,,NACE,NACE,,1020,"1020 - Processing and preserving of fish, crustaceans and molluscs",,,,Prodcom Elements,Prodcom Elements,,Net carry in/carry out,Net carry in/carry out,,,
2735453,,,,,,,,,,,,,,,,,2014,2014,,Year,,,,,,,,,,,,,,,NACE,NACE,,1020,"1020 - Processing and preserving of fish, crustaceans and molluscs",,,,Prodcom Elements,Prodcom Elements,,Total turnover of businesses classified to this industry,Total turnover of businesses classified to this industry,,,
1124354,,,,,,,,,,,,,,,,,2014,2014,,Year,,,,,,,,,,,,,,,NACE,NACE,,1031,1031 - Processing and preserving of potatoes,,,,Prodcom Elements,Prodcom Elements,,UK manufacturer sales of individual products listed in this product group,UK manufacturer sales of individual products listed in this product group,,,
87506,,,,,,,,,,,,,,,,,2014,2014,,Year,,,,,,,,,,,,,,,NACE,NACE,,1031,1031 - Processing and preserving of potatoes,,,,Prodcom Elements,Prodcom Elements,,All other income,All other income,,,
1211860,,,,,,,,,,,,,,,,,2014,2014,,Year,,,,,,,,,,,,,,,NACE,NACE,,1031,1031 - Processing and preserving of potatoes,,,,Prodcom Elements,Prodcom Elements,,Total UK manufacturer sales of products in this product group,Total UK manufacturer sales of products in this product group,,,
2059,,,,,,,,,,,,,,,,,2014,2014,,Year,,,,,,,,,,,,,,,NACE,NACE,,1031,1031 - Processing and preserving of potatoes,,,,Prodcom Elements,Prodcom Elements,,Waste Products,Waste Products,,,
-327835,,,,,,,,,,,,,,,,,2014,2014,,Year,,,,,,,,,,,,,,,NACE,NACE,,1031,1031 - Processing and preserving of potatoes,,,,Prodcom Elements,Prodcom Elements,,Net carry in/carry out,Net carry in/carry out,,,
1481713,,,,,,,,,,,,,,,,,2014,2014,,Year,,,,,,,,,,,,,,,NACE,NACE,,1031,1031 - Processing and preserving of potatoes,,,,Prodcom Elements,Prodcom Elements,,Total turnover of businesses classified to this industry,Total turnover of businesses classified to this industry,,,
591156,,,,,,,,,,,,,,,,,2014,2014,,Year,,,,,,,,,,,,,,,NACE,NACE,,1032,1032 - Manufacture of fruit and vegetable juice,,,,Prodcom Elements,Prodcom Elements,,UK manufacturer sales of individual products listed in this product group,UK manufacturer sales of individual products listed in this product group,,,
58903,,,,,,,,,,,,,,,,,2014,2014,,Year,,,,,,,,,,,,,,,NACE,NACE,,1032,1032 - Manufacture of fruit and vegetable juice,,,,Prodcom Elements,Prodcom Elements,,All other income,All other income,,,
650059,,,,,,,,,,,,,,,,,2014,2014,,Year,,,,,,,,,,,,,,,NACE,NACE,,1032,1032 - Manufacture of fruit and vegetable juice,,,,Prodcom Elements,Prodcom Elements,,Total UK manufacturer sales of products in this product group,Total UK manufacturer sales of products in this product group,,,
-287528,,,,,,,,,,,,,,,,,2014,2014,,Year,,,,,,,,,,,,,,,NACE,NACE,,1032,1032 - Manufacture of fruit and vegetable juice,,,,Prodcom Elements,Prodcom Elements,,Net carry in/carry out,Net carry in/carry out,,,
2592036,,,,,,,,,,,,,,,,,2014,2014,,Year,,,,,,,,,,,,,,,NACE,NACE,,1039,1039 - Other processing and preserving of fruit and vegetables,,,,Prodcom Elements,Prodcom Elements,,UK manufacturer sales of individual products listed in this product group,UK manufacturer sales of individual products listed in this product group,,,
573091,,,,,,,,,,,,,,,,,2014,2014,,Year,,,,,,,,,,,,,,,NACE,NACE,,1039,1039 - Other processing and preserving of fruit and vegetables,,,,Prodcom Elements,Prodcom Elements,,All other income,All other income,,,
3165127,,,,,,,,,,,,,,,,,2014,2014,,Year,,,,,,,,,,,,,,,NACE,NACE,,1039,1039 - Other processing and preserving of fruit and vegetables,,,,Prodcom Elements,Prodcom Elements,,Total UK manufacturer sales of products in this product group,Total UK manufacturer sales of products in this product group,,,
744556,,,,,,,,,,,,,,,,,2014,2014,,Year,,,,,,,,,,,,,,,NACE,NACE,,1039,1039 - Other processing and preserving of fruit and vegetables,,,,Prodcom Elements,Prodcom Elements,,Merchanted goods,Merchanted goods,,,
7061,,,,,,,,,,,,,,,,,2014,2014,,Year,,,,,,,,,,,,,,,NACE,NACE,,1039,1039 - Other processing and preserving of fruit and vegetables,,,,Prodcom Elements,Prodcom Elements,,Work done,Work done,,,
781,,,,,,,,,,,,,,,,,2014,2014,,Year,,,,,,,,,,,,,,,NACE,NACE,,1039,1039 - Other processing and preserving of fruit and vegetables,,,,Prodcom Elements,Prodcom Elements,,Waste Products,Waste Products,,,
18725,,,,,,,,,,,,,,,,,2014,2014,,Year,,,,,,,,,,,,,,,NACE,NACE,,1039,1039 - Other processing and preserving of fruit and vegetables,,,,Prodcom Elements,Prodcom Elements,,Non production income,Non production income,,,
238497,,,,,,,,,,,,,,,,,2014,2014,,Year,,,,,,,,,,,,,,,NACE,NACE,,1039,1039 - Other processing and preserving of fruit and vegetables,,,,Prodcom Elements,Prodcom Elements,,Net carry in/carry out,Net carry in/carry out,,,
4174747,,,,,,,,,,,,,,,,,2014,2014,,Year,,,,,,,,,,,,,,,NACE,NACE,,1039,1039 - Other processing and preserving of fruit and vegetables,,,,Prodcom Elements,Prodcom Elements,,Total turnover of businesses classified to this industry,Total turnover of businesses classified to this industry,,,
536605,,,,,,,,,,,,,,,,,2014,2014,,Year,,,,,,,,,,,,,,,NACE,NACE,,1041,1041 - Manufacture of oils and fats,,,,Prodcom Elements,Prodcom Elements,,UK manufacturer sales of individual products listed in this product group,UK manufacturer sales of individual products listed in this product group,,,
529244,,,,,,,,,,,,,,,,,2014,2014,,Year,,,,,,,,,,,,,,,NACE,NACE,,1041,1041 - Manufacture of oils and fats,,,,Prodcom Elements,Prodcom Elements,,All other income,All other income,,,
1065848,,,,,,,,,,,,,,,,,2014,2014,,Year,,,,,,,,,,,,,,,NACE,NACE,,1041,1041 - Manufacture of oils and fats,,,,Prodcom Elements,Prodcom Elements,,Total UK manufacturer sales of products in this product group,Total UK manufacturer sales of products in this product group,,,
10362,,,,,,,,,,,,,,,,,2014,2014,,Year,,,,,,,,,,,,,,,NACE,NACE,,1041,1041 - Manufacture of oils and fats,,,,Prodcom Elements,Prodcom Elements,,Merchanted goods,Merchanted goods,,,
61224,,,,,,,,,,,,,,,,,2014,2014,,Year,,,,,,,,,,,,,,,NACE,NACE,,1041,1041 - Manufacture of oils and fats,,,,Prodcom Elements,Prodcom Elements,,Work done,Work done,,,
-585967,,,,,,,,,,,,,,,,,2014,2014,,Year,,,,,,,,,,,,,,,NACE,NACE,,1041,1041 - Manufacture of oils and fats,,,,Prodcom Elements,Prodcom Elements,,Net carry in/carry out,Net carry in/carry out,,,
560548,,,,,,,,,,,,,,,,,2014,2014,,Year,,,,,,,,,,,,,,,NACE,NACE,,1041,1041 - Manufacture of oils and fats,,,,Prodcom Elements,Prodcom Elements,,Total turnover of businesses classified to this industry,Total turnover of businesses classified to this industry,,,
161559,,,,,,,,,,,,,,,,,2014,2014,,Year,,,,,,,,,,,,,,,NACE,NACE,,1042,1042 - Manufacture of margarine and similar edible fats,,,,Prodcom Elements,Prodcom Elements,,UK manufacturer sales of individual products listed in this product group,UK manufacturer sales of individual products listed in this product group,,,
0,,,,,,,,,,,,,,,,,2014,2014,,Year,,,,,,,,,,,,,,,NACE,NACE,,1042,1042 - Manufacture of margarine and similar edible fats,,,,Prodcom Elements,Prodcom Elements,,Work done,Work done,,,
10,,,,,,,,,,,,,,,,,2014,2014,,Year,,,,,,,,,,,,,,,NACE,NACE,,1042,1042 - Manufacture of margarine and similar edible fats,,,,Prodcom Elements,Prodcom Elements,,Non production income,Non production income,,,
-319851,,,,,,,,,,,,,,,,,2014,2014,,Year,,,,,,,,,,,,,,,NACE,NACE,,1042,1042 - Manufacture of margarine and similar edible fats,,,,Prodcom Elements,Prodcom Elements,,Net carry in/carry out,Net carry in/carry out,,,
7759866,,,,,,,,,,,,,,,,,2014,2014,,Year,,,,,,,,,,,,,,,NACE,NACE,,1051,1051 - Operation of dairies & cheesemaking,,,,Prodcom Elements,Prodcom Elements,,UK manufacturer sales of individual products listed in this product group,UK manufacturer sales of individual products listed in this product group,,,
169155,,,,,,,,,,,,,,,,,2014,2014,,Year,,,,,,,,,,,,,,,NACE,NACE,,1051,1051 - Operation of dairies & cheesemaking,,,,Prodcom Elements,Prodcom Elements,,All other income,All other income,,,
7929021,,,,,,,,,,,,,,,,,2014,2014,,Year,,,,,,,,,,,,,,,NACE,NACE,,1051,1051 - Operation of dairies & cheesemaking,,,,Prodcom Elements,Prodcom Elements,,Total UK manufacturer sales of products in this product group,Total UK manufacturer sales of products in this product group,,,
1691805,,,,,,,,,,,,,,,,,2014,2014,,Year,,,,,,,,,,,,,,,NACE,NACE,,1051,1051 - Operation of dairies & cheesemaking,,,,Prodcom Elements,Prodcom Elements,,Merchanted goods,Merchanted goods,,,
50487,,,,,,,,,,,,,,,,,2014,2014,,Year,,,,,,,,,,,,,,,NACE,NACE,,1051,1051 - Operation of dairies & cheesemaking,,,,Prodcom Elements,Prodcom Elements,,Non production income,Non production income,,,
674862,,,,,,,,,,,,,,,,,2014,2014,,Year,,,,,,,,,,,,,,,NACE,NACE,,1051,1051 - Operation of dairies & cheesemaking,,,,Prodcom Elements,Prodcom Elements,,Net carry in/carry out,Net carry in/carry out,,,
10513949,,,,,,,,,,,,,,,,,2014,2014,,Year,,,,,,,,,,,,,,,NACE,NACE,,1051,1051 - Operation of dairies & cheesemaking,,,,Prodcom Elements,Prodcom Elements,,Total turnover of businesses classified to this industry,Total turnover of businesses classified to this industry,,,
681158,,,,,,,,,,,,,,,,,2014,2014,,Year,,,,,,,,,,,,,,,NACE,NACE,,1052,1052 - Manufacture of ice cream,,,,Prodcom Elements,Prodcom Elements,,UK manufacturer sales of individual products listed in this product group,UK manufacturer sales of individual products listed in this product group,,,
59,,,,,,,,,,,,,,,,,2014,2014,,Year,,,,,,,,,,,,,,,NACE,NACE,,1052,1052 - Manufacture of ice cream,,,,Prodcom Elements,Prodcom Elements,,All other income,All other income,,,
681216,,,,,,,,,,,,,,,,,2014,2014,,Year,,,,,,,,,,,,,,,NACE,NACE,,1052,1052 - Manufacture of ice cream,,,,Prodcom Elements,Prodcom Elements,,Total UK manufacturer sales of products in this product group,Total UK manufacturer sales of products in this product group,,,
18977,,,,,,,,,,,,,,,,,2014,2014,,Year,,,,,,,,,,,,,,,NACE,NACE,,1052,1052 - Manufacture of ice cream,,,,Prodcom Elements,Prodcom Elements,,Merchanted goods,Merchanted goods,,,
1624,,,,,,,,,,,,,,,,,2014,2014,,Year,,,,,,,,,,,,,,,NACE,NACE,,1052,1052 - Manufacture of ice cream,,,,Prodcom Elements,Prodcom Elements,,Non production income,Non production income,,,
-305216,,,,,,,,,,,,,,,,,2014,2014,,Year,,,,,,,,,,,,,,,NACE,NACE,,1052,1052 - Manufacture of ice cream,,,,Prodcom Elements,Prodcom Elements,,Net carry in/carry out,Net carry in/carry out,,,
396866,,,,,,,,,,,,,,,,,2014,2014,,Year,,,,,,,,,,,,,,,NACE,NACE,,1052,1052 - Manufacture of ice cream,,,,Prodcom Elements,Prodcom Elements,,Total turnover of businesses classified to this industry,Total turnover of businesses classified to this industry,,,
3881036,,,,,,,,,,,,,,,,,2014,2014,,Year,,,,,,,,,,,,,,,NACE,NACE,,1061,1061 - Manufacture of grain mill products,,,,Prodcom Elements,Prodcom Elements,,UK manufacturer sales of individual products listed in this product group,UK manufacturer sales of individual products listed in this product group,,,
146597,,,,,,,,,,,,,,,,,2014,2014,,Year,,,,,,,,,,,,,,,NACE,NACE,,1061,1061 - Manufacture of grain mill products,,,,Prodcom Elements,Prodcom Elements,,Merchanted goods,Merchanted goods,,,
9127,,,,,,,,,,,,,,,,,2014,2014,,Year,,,,,,,,,,,,,,,NACE,NACE,,1061,1061 - Manufacture of grain mill products,,,,Prodcom Elements,Prodcom Elements,,Waste Products,Waste Products,,,
6640,,,,,,,,,,,,,,,,,2014,2014,,Year,,,,,,,,,,,,,,,NACE,NACE,,1061,1061 - Manufacture of grain mill products,,,,Prodcom Elements,Prodcom Elements,,Non production income,Non production income,,,
-346460,,,,,,,,,,,,,,,,,2014,2014,,Year,,,,,,,,,,,,,,,NACE,NACE,,1061,1061 - Manufacture of grain mill products,,,,Prodcom Elements,Prodcom Elements,,Net carry in/carry out,Net carry in/carry out,,,
3777773,,,,,,,,,,,,,,,,,2014,2014,,Year,,,,,,,,,,,,,,,NACE,NACE,,1061,1061 - Manufacture of grain mill products,,,,Prodcom Elements,Prodcom Elements,,Total turnover of businesses classified to this industry,Total turnover of businesses classified to this industry,,,
68664,,,,,,,,,,,,,,,,,2014,2014,,Year,,,,,,,,,,,,,,,NACE,NACE,,1062,1062 - Manufacture of starches and starch products,,,,Prodcom Elements,Prodcom Elements,,UK manufacturer sales of individual products listed in this product group,UK manufacturer sales of individual products listed in this product group,,,
256625,,,,,,,,,,,,,,,,,2014,2014,,Year,,,,,,,,,,,,,,,NACE,NACE,,1062,1062 - Manufacture of starches and starch products,,,,Prodcom Elements,Prodcom Elements,,All other income,All other income,,,
325290,,,,,,,,,,,,,,,,,2014,2014,,Year,,,,,,,,,,,,,,,NACE,NACE,,1062,1062 - Manufacture of starches and starch products,,,,Prodcom Elements,Prodcom Elements,,Total UK manufacturer sales of products in this product group,Total UK manufacturer sales of products in this product group,,,
578449,,,,,,,,,,,,,,,,,2014,2014,,Year,,,,,,,,,,,,,,,NACE,NACE,,1062,1062 - Manufacture of starches and starch products,,,,Prodcom Elements,Prodcom Elements,,Net carry in/carry out,Net carry in/carry out,,,
6270370,,,,,,,,,,,,,,,,,2014,2014,,Year,,,,,,,,,,,,,,,NACE,NACE,,1071,1071 - Manufacture of bread; manufacture of fresh pastry goods and cakes,,,,Prodcom Elements,Prodcom Elements,,UK manufacturer sales of individual products listed in this product group,UK manufacturer sales of individual products listed in this product group,,,
10912,,,,,,,,,,,,,,,,,2014,2014,,Year,,,,,,,,,,,,,,,NACE,NACE,,1071,1071 - Manufacture of bread; manufacture of fresh pastry goods and cakes,,,,Prodcom Elements,Prodcom Elements,,All other income,All other income,,,
6281282,,,,,,,,,,,,,,,,,2014,2014,,Year,,,,,,,,,,,,,,,NACE,NACE,,1071,1071 - Manufacture of bread; manufacture of fresh pastry goods and cakes,,,,Prodcom Elements,Prodcom Elements,,Total UK manufacturer sales of products in this product group,Total UK manufacturer sales of products in this product group,,,
216356,,,,,,,,,,,,,,,,,2014,2014,,Year,,,,,,,,,,,,,,,NACE,NACE,,1071,1071 - Manufacture of bread; manufacture of fresh pastry goods and cakes,,,,Prodcom Elements,Prodcom Elements,,Merchanted goods,Merchanted goods,,,
1079,,,,,,,,,,,,,,,,,2014,2014,,Year,,,,,,,,,,,,,,,NACE,NACE,,1071,1071 - Manufacture of bread; manufacture of fresh pastry goods and cakes,,,,Prodcom Elements,Prodcom Elements,,Work done,Work done,,,
4981,,,,,,,,,,,,,,,,,2014,2014,,Year,,,,,,,,,,,,,,,NACE,NACE,,1071,1071 - Manufacture of bread; manufacture of fresh pastry goods and cakes,,,,Prodcom Elements,Prodcom Elements,,Waste Products,Waste Products,,,
16566,,,,,,,,,,,,,,,,,2014,2014,,Year,,,,,,,,,,,,,,,NACE,NACE,,1071,1071 - Manufacture of bread; manufacture of fresh pastry goods and cakes,,,,Prodcom Elements,Prodcom Elements,,Non production income,Non production income,,,
1020159,,,,,,,,,,,,,,,,,2014,2014,,Year,,,,,,,,,,,,,,,NACE,NACE,,1071,1071 - Manufacture of bread; manufacture of fresh pastry goods and cakes,,,,Prodcom Elements,Prodcom Elements,,Net carry in/carry out,Net carry in/carry out,,,
7540423,,,,,,,,,,,,,,,,,2014,2014,,Year,,,,,,,,,,,,,,,NACE,NACE,,1071,1071 - Manufacture of bread; manufacture of fresh pastry goods and cakes,,,,Prodcom Elements,Prodcom Elements,,Total turnover of businesses classified to this industry,Total turnover of businesses classified to this industry,,,
3547663,,,,,,,,,,,,,,,,,2014,2014,,Year,,,,,,,,,,,,,,,NACE,NACE,,1072,1072 - Manufacture of rusks and biscuits; manufacture of preserved pastry goods and cakes,,,,Prodcom Elements,Prodcom Elements,,UK manufacturer sales of individual products listed in this product group,UK manufacturer sales of individual products listed in this product group,,,
759307,,,,,,,,,,,,,,,,,2014,2014,,Year,,,,,,,,,,,,,,,NACE,NACE,,1072,1072 - Manufacture of rusks and biscuits; manufacture of preserved pastry goods and cakes,,,,Prodcom Elements,Prodcom Elements,,All other income,All other income,,,
4306970,,,,,,,,,,,,,,,,,2014,2014,,Year,,,,,,,,,,,,,,,NACE,NACE,,1072,1072 - Manufacture of rusks and biscuits; manufacture of preserved pastry goods and cakes,,,,Prodcom Elements,Prodcom Elements,,Total UK manufacturer sales of products in this product group,Total UK manufacturer sales of products in this product group,,,
77243,,,,,,,,,,,,,,,,,2014,2014,,Year,,,,,,,,,,,,,,,NACE,NACE,,1072,1072 - Manufacture of rusks and biscuits; manufacture of preserved pastry goods and cakes,,,,Prodcom Elements,Prodcom Elements,,Merchanted goods,Merchanted goods,,,
0,,,,,,,,,,,,,,,,,2014,2014,,Year,,,,,,,,,,,,,,,NACE,NACE,,1072,1072 - Manufacture of rusks and biscuits; manufacture of preserved pastry goods and cakes,,,,Prodcom Elements,Prodcom Elements,,Work done,Work done,,,
2861,,,,,,,,,,,,,,,,,2014,2014,,Year,,,,,,,,,,,,,,,NACE,NACE,,1072,1072 - Manufacture of rusks and biscuits; manufacture of preserved pastry goods and cakes,,,,Prodcom Elements,Prodcom Elements,,Waste Products,Waste Products,,,
4429,,,,,,,,,,,,,,,,,2014,2014,,Year,,,,,,,,,,,,,,,NACE,NACE,,1072,1072 - Manufacture of rusks and biscuits; manufacture of preserved pastry goods and cakes,,,,Prodcom Elements,Prodcom Elements,,Non production income,Non production income,,,
-693701,,,,,,,,,,,,,,,,,2014,2014,,Year,,,,,,,,,,,,,,,NACE,NACE,,1072,1072 - Manufacture of rusks and biscuits; manufacture of preserved pastry goods and cakes,,,,Prodcom Elements,Prodcom Elements,,Net carry in/carry out,Net carry in/carry out,,,
3697802,,,,,,,,,,,,,,,,,2014,2014,,Year,,,,,,,,,,,,,,,NACE,NACE,,1072,1072 - Manufacture of rusks and biscuits; manufacture of preserved pastry goods and cakes,,,,Prodcom Elements,Prodcom Elements,,Total turnover of businesses classified to this industry,Total turnover of businesses classified to this industry,,,
31852,,,,,,,,,,,,,,,,,2014,2014,,Year,,,,,,,,,,,,,,,NACE,NACE,,1073,"1073 - Manufacture of macaroni, noodles, couscous and similar farinaceous products",,,,Prodcom Elements,Prodcom Elements,,UK manufacturer sales of individual products listed in this product group,UK manufacturer sales of individual products listed in this product group,,,
19053,,,,,,,,,,,,,,,,,2014,2014,,Year,,,,,,,,,,,,,,,NACE,NACE,,1073,"1073 - Manufacture of macaroni, noodles, couscous and similar farinaceous products",,,,Prodcom Elements,Prodcom Elements,,Merchanted goods,Merchanted goods,,,
0,,,,,,,,,,,,,,,,,2014,2014,,Year,,,,,,,,,,,,,,,NACE,NACE,,1073,"1073 - Manufacture of macaroni, noodles, couscous and similar farinaceous products",,,,Prodcom Elements,Prodcom Elements,,Work done,Work done,,,
0,,,,,,,,,,,,,,,,,2014,2014,,Year,,,,,,,,,,,,,,,NACE,NACE,,1073,"1073 - Manufacture of macaroni, noodles, couscous and similar farinaceous products",,,,Prodcom Elements,Prodcom Elements,,Waste Products,Waste Products,,,
106859,,,,,,,,,,,,,,,,,2014,2014,,Year,,,,,,,,,,,,,,,NACE,NACE,,1073,"1073 - Manufacture of macaroni, noodles, couscous and similar farinaceous products",,,,Prodcom Elements,Prodcom Elements,,Net carry in/carry out,Net carry in/carry out,,,
159162,,,,,,,,,,,,,,,,,2014,2014,,Year,,,,,,,,,,,,,,,NACE,NACE,,1073,"1073 - Manufacture of macaroni, noodles, couscous and similar farinaceous products",,,,Prodcom Elements,Prodcom Elements,,Total turnover of businesses classified to this industry,Total turnover of businesses classified to this industry,,,
0,,,,,,,,,,,,,,,,,2014,2014,,Year,,,,,,,,,,,,,,,NACE,NACE,,1081,1081 - Manufacture of sugar,,,,Prodcom Elements,Prodcom Elements,,UK manufacturer sales of individual products listed in this product group,UK manufacturer sales of individual products listed in this product group,,,
1049265,,,,,,,,,,,,,,,,,2014,2014,,Year,,,,,,,,,,,,,,,NACE,NACE,,1081,1081 - Manufacture of sugar,,,,Prodcom Elements,Prodcom Elements,,All other income,All other income,,,
1049265,,,,,,,,,,,,,,,,,2014,2014,,Year,,,,,,,,,,,,,,,NACE,NACE,,1081,1081 - Manufacture of sugar,,,,Prodcom Elements,Prodcom Elements,,Total UK manufacturer sales of products in this product group,Total UK manufacturer sales of products in this product group,,,
0,,,,,,,,,,,,,,,,,2014,2014,,Year,,,,,,,,,,,,,,,NACE,NACE,,1081,1081 - Manufacture of sugar,,,,Prodcom Elements,Prodcom Elements,,Work done,Work done,,,
147213,,,,,,,,,,,,,,,,,2014,2014,,Year,,,,,,,,,,,,,,,NACE,NACE,,1081,1081 - Manufacture of sugar,,,,Prodcom Elements,Prodcom Elements,,Net carry in/carry out,Net carry in/carry out,,,
2618617,,,,,,,,,,,,,,,,,2014,2014,,Year,,,,,,,,,,,,,,,NACE,NACE,,1082,"1082 - Manufacture of cocoa, chocolate & sugar confectionery",,,,Prodcom Elements,Prodcom Elements,,UK manufacturer sales of individual products listed in this product group,UK manufacturer sales of individual products listed in this product group,,,
28998,,,,,,,,,,,,,,,,,2014,2014,,Year,,,,,,,,,,,,,,,NACE,NACE,,1082,"1082 - Manufacture of cocoa, chocolate & sugar confectionery",,,,Prodcom Elements,Prodcom Elements,,All other income,All other income,,,
2647614,,,,,,,,,,,,,,,,,2014,2014,,Year,,,,,,,,,,,,,,,NACE,NACE,,1082,"1082 - Manufacture of cocoa, chocolate & sugar confectionery",,,,Prodcom Elements,Prodcom Elements,,Total UK manufacturer sales of products in this product group,Total UK manufacturer sales of products in this product group,,,
579841,,,,,,,,,,,,,,,,,2014,2014,,Year,,,,,,,,,,,,,,,NACE,NACE,,1082,"1082 - Manufacture of cocoa, chocolate & sugar confectionery",,,,Prodcom Elements,Prodcom Elements,,Merchanted goods,Merchanted goods,,,
17595,,,,,,,,,,,,,,,,,2014,2014,,Year,,,,,,,,,,,,,,,NACE,NACE,,1082,"1082 - Manufacture of cocoa, chocolate & sugar confectionery",,,,Prodcom Elements,Prodcom Elements,,Non production income,Non production income,,,
514435,,,,,,,,,,,,,,,,,2014,2014,,Year,,,,,,,,,,,,,,,NACE,NACE,,1082,"1082 - Manufacture of cocoa, chocolate & sugar confectionery",,,,Prodcom Elements,Prodcom Elements,,Net carry in/carry out,Net carry in/carry out,,,
4004689,,,,,,,,,,,,,,,,,2014,2014,,Year,,,,,,,,,,,,,,,NACE,NACE,,1082,"1082 - Manufacture of cocoa, chocolate & sugar confectionery",,,,Prodcom Elements,Prodcom Elements,,Total turnover of businesses classified to this industry,Total turnover of businesses classified to this industry,,,
850642,,,,,,,,,,,,,,,,,2014,2014,,Year,,,,,,,,,,,,,,,NACE,NACE,,1083,1083 - Processing of tea & coffee,,,,Prodcom Elements,Prodcom Elements,,UK manufacturer sales of individual products listed in this product group,UK manufacturer sales of individual products listed in this product group,,,
332605,,,,,,,,,,,,,,,,,2014,2014,,Year,,,,,,,,,,,,,,,NACE,NACE,,1083,1083 - Processing of tea & coffee,,,,Prodcom Elements,Prodcom Elements,,Merchanted goods,Merchanted goods,,,
473,,,,,,,,,,,,,,,,,2014,2014,,Year,,,,,,,,,,,,,,,NACE,NACE,,1083,1083 - Processing of tea & coffee,,,,Prodcom Elements,Prodcom Elements,,Work done,Work done,,,
79801,,,,,,,,,,,,,,,,,2014,2014,,Year,,,,,,,,,,,,,,,NACE,NACE,,1083,1083 - Processing of tea & coffee,,,,Prodcom Elements,Prodcom Elements,,Non production income,Non production income,,,
-54969,,,,,,,,,,,,,,,,,2014,2014,,Year,,,,,,,,,,,,,,,NACE,NACE,,1083,1083 - Processing of tea & coffee,,,,Prodcom Elements,Prodcom Elements,,Net carry in/carry out,Net carry in/carry out,,,
1897830,,,,,,,,,,,,,,,,,2014,2014,,Year,,,,,,,,,,,,,,,NACE,NACE,,1083,1083 - Processing of tea & coffee,,,,Prodcom Elements,Prodcom Elements,,Total turnover of businesses classified to this industry,Total turnover of businesses classified to this industry,,,
1951744,,,,,,,,,,,,,,,,,2014,2014,,Year,,,,,,,,,,,,,,,NACE,NACE,,1084,1084 - Manufacture of condiments and seasonings,,,,Prodcom Elements,Prodcom Elements,,UK manufacturer sales of individual products listed in this product group,UK manufacturer sales of individual products listed in this product group,,,
6919,,,,,,,,,,,,,,,,,2014,2014,,Year,,,,,,,,,,,,,,,NACE,NACE,,1084,1084 - Manufacture of condiments and seasonings,,,,Prodcom Elements,Prodcom Elements,,All other income,All other income,,,
1958663,,,,,,,,,,,,,,,,,2014,2014,,Year,,,,,,,,,,,,,,,NACE,NACE,,1084,1084 - Manufacture of condiments and seasonings,,,,Prodcom Elements,Prodcom Elements,,Total UK manufacturer sales of products in this product group,Total UK manufacturer sales of products in this product group,,,
137743,,,,,,,,,,,,,,,,,2014,2014,,Year,,,,,,,,,,,,,,,NACE,NACE,,1084,1084 - Manufacture of condiments and seasonings,,,,Prodcom Elements,Prodcom Elements,,Merchanted goods,Merchanted goods,,,
269,,,,,,,,,,,,,,,,,2014,2014,,Year,,,,,,,,,,,,,,,NACE,NACE,,1084,1084 - Manufacture of condiments and seasonings,,,,Prodcom Elements,Prodcom Elements,,Non production income,Non production income,,,
-577144,,,,,,,,,,,,,,,,,2014,2014,,Year,,,,,,,,,,,,,,,NACE,NACE,,1084,1084 - Manufacture of condiments and seasonings,,,,Prodcom Elements,Prodcom Elements,,Net carry in/carry out,Net carry in/carry out,,,
1523320,,,,,,,,,,,,,,,,,2014,2014,,Year,,,,,,,,,,,,,,,NACE,NACE,,1084,1084 - Manufacture of condiments and seasonings,,,,Prodcom Elements,Prodcom Elements,,Total turnover of businesses classified to this industry,Total turnover of businesses classified to this industry,,,
3115267,,,,,,,,,,,,,,,,,2014,2014,,Year,,,,,,,,,,,,,,,NACE,NACE,,1085,1085 - Manufacture of prepared meals and dishes,,,,Prodcom Elements,Prodcom Elements,,UK manufacturer sales of individual products listed in this product group,UK manufacturer sales of individual products listed in this product group,,,
805,,,,,,,,,,,,,,,,,2014,2014,,Year,,,,,,,,,,,,,,,NACE,NACE,,1085,1085 - Manufacture of prepared meals and dishes,,,,Prodcom Elements,Prodcom Elements,,All other income,All other income,,,
3116072,,,,,,,,,,,,,,,,,2014,2014,,Year,,,,,,,,,,,,,,,NACE,NACE,,1085,1085 - Manufacture of prepared meals and dishes,,,,Prodcom Elements,Prodcom Elements,,Total UK manufacturer sales of products in this product group,Total UK manufacturer sales of products in this product group,,,
146385,,,,,,,,,,,,,,,,,2014,2014,,Year,,,,,,,,,,,,,,,NACE,NACE,,1085,1085 - Manufacture of prepared meals and dishes,,,,Prodcom Elements,Prodcom Elements,,Merchanted goods,Merchanted goods,,,
62,,,,,,,,,,,,,,,,,2014,2014,,Year,,,,,,,,,,,,,,,NACE,NACE,,1085,1085 - Manufacture of prepared meals and dishes,,,,Prodcom Elements,Prodcom Elements,,Work done,Work done,,,
613,,,,,,,,,,,,,,,,,2014,2014,,Year,,,,,,,,,,,,,,,NACE,NACE,,1085,1085 - Manufacture of prepared meals and dishes,,,,Prodcom Elements,Prodcom Elements,,Waste Products,Waste Products,,,
5238,,,,,,,,,,,,,,,,,2014,2014,,Year,,,,,,,,,,,,,,,NACE,NACE,,1085,1085 - Manufacture of prepared meals and dishes,,,,Prodcom Elements,Prodcom Elements,,Non production income,Non production income,,,
170451,,,,,,,,,,,,,,,,,2014,2014,,Year,,,,,,,,,,,,,,,NACE,NACE,,1085,1085 - Manufacture of prepared meals and dishes,,,,Prodcom Elements,Prodcom Elements,,Net carry in/carry out,Net carry in/carry out,,,
3438821,,,,,,,,,,,,,,,,,2014,2014,,Year,,,,,,,,,,,,,,,NACE,NACE,,1085,1085 - Manufacture of prepared meals and dishes,,,,Prodcom Elements,Prodcom Elements,,Total turnover of businesses classified to this industry,Total turnover of businesses classified to this industry,,,
0,,,,,,,,,,,,,,,,,2014,2014,,Year,,,,,,,,,,,,,,,NACE,NACE,,1086,1086 - Manufacture of homogenised food preparations and dietetic food,,,,Prodcom Elements,Prodcom Elements,,UK manufacturer sales of individual products listed in this product group,UK manufacturer sales of individual products listed in this product group,,,
17989,,,,,,,,,,,,,,,,,2014,2014,,Year,,,,,,,,,,,,,,,NACE,NACE,,1086,1086 - Manufacture of homogenised food preparations and dietetic food,,,,Prodcom Elements,Prodcom Elements,,All other income,All other income,,,
17989,,,,,,,,,,,,,,,,,2014,2014,,Year,,,,,,,,,,,,,,,NACE,NACE,,1086,1086 - Manufacture of homogenised food preparations and dietetic food,,,,Prodcom Elements,Prodcom Elements,,Total UK manufacturer sales of products in this product group,Total UK manufacturer sales of products in this product group,,,
0,,,,,,,,,,,,,,,,,2014,2014,,Year,,,,,,,,,,,,,,,NACE,NACE,,1086,1086 - Manufacture of homogenised food preparations and dietetic food,,,,Prodcom Elements,Prodcom Elements,,Work done,Work done,,,
0,,,,,,,,,,,,,,,,,2014,2014,,Year,,,,,,,,,,,,,,,NACE,NACE,,1086,1086 - Manufacture of homogenised food preparations and dietetic food,,,,Prodcom Elements,Prodcom Elements,,Non production income,Non production income,,,
-10292,,,,,,,,,,,,,,,,,2014,2014,,Year,,,,,,,,,,,,,,,NACE,NACE,,1086,1086 - Manufacture of homogenised food preparations and dietetic food,,,,Prodcom Elements,Prodcom Elements,,Net carry in/carry out,Net carry in/carry out,,,
9693,,,,,,,,,,,,,,,,,2014,2014,,Year,,,,,,,,,,,,,,,NACE,NACE,,1086,1086 - Manufacture of homogenised food preparations and dietetic food,,,,Prodcom Elements,Prodcom Elements,,Total turnover of businesses classified to this industry,Total turnover of businesses classified to this industry,,,
3547890,,,,,,,,,,,,,,,,,2014,2014,,Year,,,,,,,,,,,,,,,NACE,NACE,,1089,1089 - Manufacture of other food products n.e.c.,,,,Prodcom Elements,Prodcom Elements,,UK manufacturer sales of individual products listed in this product group,UK manufacturer sales of individual products listed in this product group,,,
100189,,,,,,,,,,,,,,,,,2014,2014,,Year,,,,,,,,,,,,,,,NACE,NACE,,1089,1089 - Manufacture of other food products n.e.c.,,,,Prodcom Elements,Prodcom Elements,,All other income,All other income,,,
3648079,,,,,,,,,,,,,,,,,2014,2014,,Year,,,,,,,,,,,,,,,NACE,NACE,,1089,1089 - Manufacture of other food products n.e.c.,,,,Prodcom Elements,Prodcom Elements,,Total UK manufacturer sales of products in this product group,Total UK manufacturer sales of products in this product group,,,
457371,,,,,,,,,,,,,,,,,2014,2014,,Year,,,,,,,,,,,,,,,NACE,NACE,,1089,1089 - Manufacture of other food products n.e.c.,,,,Prodcom Elements,Prodcom Elements,,Merchanted goods,Merchanted goods,,,
11835,,,,,,,,,,,,,,,,,2014,2014,,Year,,,,,,,,,,,,,,,NACE,NACE,,1089,1089 - Manufacture of other food products n.e.c.,,,,Prodcom Elements,Prodcom Elements,,Work done,Work done,,,
5465,,,,,,,,,,,,,,,,,2014,2014,,Year,,,,,,,,,,,,,,,NACE,NACE,,1089,1089 - Manufacture of other food products n.e.c.,,,,Prodcom Elements,Prodcom Elements,,Waste Products,Waste Products,,,
44211,,,,,,,,,,,,,,,,,2014,2014,,Year,,,,,,,,,,,,,,,NACE,NACE,,1089,1089 - Manufacture of other food products n.e.c.,,,,Prodcom Elements,Prodcom Elements,,Non production income,Non production income,,,
334386,,,,,,,,,,,,,,,,,2014,2014,,Year,,,,,,,,,,,,,,,NACE,NACE,,1089,1089 - Manufacture of other food products n.e.c.,,,,Prodcom Elements,Prodcom Elements,,Net carry in/carry out,Net carry in/carry out,,,
4501349,,,,,,,,,,,,,,,,,2014,2014,,Year,,,,,,,,,,,,,,,NACE,NACE,,1089,1089 - Manufacture of other food products n.e.c.,,,,Prodcom Elements,Prodcom Elements,,Total turnover of businesses classified to this industry,Total turnover of businesses classified to this industry,,,
4105281,,,,,,,,,,,,,,,,,2014,2014,,Year,,,,,,,,,,,,,,,NACE,NACE,,1091,1091 - Manufacture of prepared feeds for farm animals,,,,Prodcom Elements,Prodcom Elements,,UK manufacturer sales of individual products listed in this product group,UK manufacturer sales of individual products listed in this product group,,,
7470,,,,,,,,,,,,,,,,,2014,2014,,Year,,,,,,,,,,,,,,,NACE,NACE,,1091,1091 - Manufacture of prepared feeds for farm animals,,,,Prodcom Elements,Prodcom Elements,,All other income,All other income,,,
4112750,,,,,,,,,,,,,,,,,2014,2014,,Year,,,,,,,,,,,,,,,NACE,NACE,,1091,1091 - Manufacture of prepared feeds for farm animals,,,,Prodcom Elements,Prodcom Elements,,Total UK manufacturer sales of products in this product group,Total UK manufacturer sales of products in this product group,,,
313276,,,,,,,,,,,,,,,,,2014,2014,,Year,,,,,,,,,,,,,,,NACE,NACE,,1091,1091 - Manufacture of prepared feeds for farm animals,,,,Prodcom Elements,Prodcom Elements,,Merchanted goods,Merchanted goods,,,
29542,,,,,,,,,,,,,,,,,2014,2014,,Year,,,,,,,,,,,,,,,NACE,NACE,,1091,1091 - Manufacture of prepared feeds for farm animals,,,,Prodcom Elements,Prodcom Elements,,Non production income,Non production income,,,
-183929,,,,,,,,,,,,,,,,,2014,2014,,Year,,,,,,,,,,,,,,,NACE,NACE,,1091,1091 - Manufacture of prepared feeds for farm animals,,,,Prodcom Elements,Prodcom Elements,,Net carry in/carry out,Net carry in/carry out,,,
4286173,,,,,,,,,,,,,,,,,2014,2014,,Year,,,,,,,,,,,,,,,NACE,NACE,,1091,1091 - Manufacture of prepared feeds for farm animals,,,,Prodcom Elements,Prodcom Elements,,Total turnover of businesses classified to this industry,Total turnover of businesses classified to this industry,,,
1660008,,,,,,,,,,,,,,,,,2014,2014,,Year,,,,,,,,,,,,,,,NACE,NACE,,1092,1092 - Manufacture of prepared pet foods,,,,Prodcom Elements,Prodcom Elements,,UK manufacturer sales of individual products listed in this product group,UK manufacturer sales of individual products listed in this product group,,,
2321,,,,,,,,,,,,,,,,,2014,2014,,Year,,,,,,,,,,,,,,,NACE,NACE,,1092,1092 - Manufacture of prepared pet foods,,,,Prodcom Elements,Prodcom Elements,,All other income,All other income,,,
1662329,,,,,,,,,,,,,,,,,2014,2014,,Year,,,,,,,,,,,,,,,NACE,NACE,,1092,1092 - Manufacture of prepared pet foods,,,,Prodcom Elements,Prodcom Elements,,Total UK manufacturer sales of products in this product group,Total UK manufacturer sales of products in this product group,,,
321554,,,,,,,,,,,,,,,,,2014,2014,,Year,,,,,,,,,,,,,,,NACE,NACE,,1092,1092 - Manufacture of prepared pet foods,,,,Prodcom Elements,Prodcom Elements,,Merchanted goods,Merchanted goods,,,
4448,,,,,,,,,,,,,,,,,2014,2014,,Year,,,,,,,,,,,,,,,NACE,NACE,,1092,1092 - Manufacture of prepared pet foods,,,,Prodcom Elements,Prodcom Elements,,Non production income,Non production income,,,
134927,,,,,,,,,,,,,,,,,2014,2014,,Year,,,,,,,,,,,,,,,NACE,NACE,,1092,1092 - Manufacture of prepared pet foods,,,,Prodcom Elements,Prodcom Elements,,Net carry in/carry out,Net carry in/carry out,,,
2123855,,,,,,,,,,,,,,,,,2014,2014,,Year,,,,,,,,,,,,,,,NACE,NACE,,1092,1092 - Manufacture of prepared pet foods,,,,Prodcom Elements,Prodcom Elements,,Total turnover of businesses classified to this industry,Total turnover of businesses classified to this industry,,,
12928322,,,,,,,,,,,,,,,,,2014,2014,,Year,,,,,,,,,,,,,,,NACE,NACE,,11,11 - Manufacture of beverages,,,,Prodcom Elements,Prodcom Elements,,UK manufacturer sales of individual products listed in this product group,UK manufacturer sales of individual products listed in this product group,,,
360118,,,,,,,,,,,,,,,,,2014,2014,,Year,,,,,,,,,,,,,,,NACE,NACE,,11,11 - Manufacture of beverages,,,,Prodcom Elements,Prodcom Elements,,All other income,All other income,,,
13288440,,,,,,,,,,,,,,,,,2014,2014,,Year,,,,,,,,,,,,,,,NACE,NACE,,11,11 - Manufacture of beverages,,,,Prodcom Elements,Prodcom Elements,,Total UK manufacturer sales of products in this product group,Total UK manufacturer sales of products in this product group,,,
1332221,,,,,,,,,,,,,,,,,2014,2014,,Year,,,,,,,,,,,,,,,NACE,NACE,,11,11 - Manufacture of beverages,,,,Prodcom Elements,Prodcom Elements,,Merchanted goods,Merchanted goods,,,
219175,,,,,,,,,,,,,,,,,2014,2014,,Year,,,,,,,,,,,,,,,NACE,NACE,,11,11 - Manufacture of beverages,,,,Prodcom Elements,Prodcom Elements,,Non production income,Non production income,,,
256945,,,,,,,,,,,,,,,,,2014,2014,,Year,,,,,,,,,,,,,,,NACE,NACE,,11,11 - Manufacture of beverages,,,,Prodcom Elements,Prodcom Elements,,Net carry in/carry out,Net carry in/carry out,,,
15261734,,,,,,,,,,,,,,,,,2014,2014,,Year,,,,,,,,,,,,,,,NACE,NACE,,11,11 - Manufacture of beverages,,,,Prodcom Elements,Prodcom Elements,,Total turnover of businesses classified to this industry,Total turnover of businesses classified to this industry,,,
3391413,,,,,,,,,,,,,,,,,2014,2014,,Year,,,,,,,,,,,,,,,NACE,NACE,,1101,"1101 - Distilling, rectifying and blending of spirits",,,,Prodcom Elements,Prodcom Elements,,UK manufacturer sales of individual products listed in this product group,UK manufacturer sales of individual products listed in this product group,,,
111914,,,,,,,,,,,,,,,,,2014,2014,,Year,,,,,,,,,,,,,,,NACE,NACE,,1101,"1101 - Distilling, rectifying and blending of spirits",,,,Prodcom Elements,Prodcom Elements,,Merchanted goods,Merchanted goods,,,
13642,,,,,,,,,,,,,,,,,2014,2014,,Year,,,,,,,,,,,,,,,NACE,NACE,,1101,"1101 - Distilling, rectifying and blending of spirits",,,,Prodcom Elements,Prodcom Elements,,Work done,Work done,,,
121279,,,,,,,,,,,,,,,,,2014,2014,,Year,,,,,,,,,,,,,,,NACE,NACE,,1101,"1101 - Distilling, rectifying and blending of spirits",,,,Prodcom Elements,Prodcom Elements,,Non production income,Non production income,,,
207596,,,,,,,,,,,,,,,,,2014,2014,,Year,,,,,,,,,,,,,,,NACE,NACE,,1101,"1101 - Distilling, rectifying and blending of spirits",,,,Prodcom Elements,Prodcom Elements,,Net carry in/carry out,Net carry in/carry out,,,
4065091,,,,,,,,,,,,,,,,,2014,2014,,Year,,,,,,,,,,,,,,,NACE,NACE,,1101,"1101 - Distilling, rectifying and blending of spirits",,,,Prodcom Elements,Prodcom Elements,,Total turnover of businesses classified to this industry,Total turnover of businesses classified to this industry,,,
43736,,,,,,,,,,,,,,,,,2014,2014,,Year,,,,,,,,,,,,,,,NACE,NACE,,1102,1102 - Manufacture of wine from grapes,,,,Prodcom Elements,Prodcom Elements,,UK manufacturer sales of individual products listed in this product group,UK manufacturer sales of individual products listed in this product group,,,
583,,,,,,,,,,,,,,,,,2014,2014,,Year,,,,,,,,,,,,,,,NACE,NACE,,1102,1102 - Manufacture of wine from grapes,,,,Prodcom Elements,Prodcom Elements,,Work done,Work done,,,
6,,,,,,,,,,,,,,,,,2014,2014,,Year,,,,,,,,,,,,,,,NACE,NACE,,1102,1102 - Manufacture of wine from grapes,,,,Prodcom Elements,Prodcom Elements,,Waste Products,Waste Products,,,
-1540,,,,,,,,,,,,,,,,,2014,2014,,Year,,,,,,,,,,,,,,,NACE,NACE,,1102,1102 - Manufacture of wine from grapes,,,,Prodcom Elements,Prodcom Elements,,Net carry in/carry out,Net carry in/carry out,,,
45655,,,,,,,,,,,,,,,,,2014,2014,,Year,,,,,,,,,,,,,,,NACE,NACE,,1102,1102 - Manufacture of wine from grapes,,,,Prodcom Elements,Prodcom Elements,,Total turnover of businesses classified to this industry,Total turnover of businesses classified to this industry,,,
859202,,,,,,,,,,,,,,,,,2014,2014,,Year,,,,,,,,,,,,,,,NACE,NACE,,1103,1103 - Manufacture of cider and other fruit wines,,,,Prodcom Elements,Prodcom Elements,,UK manufacturer sales of individual products listed in this product group,UK manufacturer sales of individual products listed in this product group,,,
166,,,,,,,,,,,,,,,,,2014,2014,,Year,,,,,,,,,,,,,,,NACE,NACE,,1103,1103 - Manufacture of cider and other fruit wines,,,,Prodcom Elements,Prodcom Elements,,All other income,All other income,,,
859368,,,,,,,,,,,,,,,,,2014,2014,,Year,,,,,,,,,,,,,,,NACE,NACE,,1103,1103 - Manufacture of cider and other fruit wines,,,,Prodcom Elements,Prodcom Elements,,Total UK manufacturer sales of products in this product group,Total UK manufacturer sales of products in this product group,,,
34044,,,,,,,,,,,,,,,,,2014,2014,,Year,,,,,,,,,,,,,,,NACE,NACE,,1103,1103 - Manufacture of cider and other fruit wines,,,,Prodcom Elements,Prodcom Elements,,Work done,Work done,,,
2062,,,,,,,,,,,,,,,,,2014,2014,,Year,,,,,,,,,,,,,,,NACE,NACE,,1103,1103 - Manufacture of cider and other fruit wines,,,,Prodcom Elements,Prodcom Elements,,Non production income,Non production income,,,
-361115,,,,,,,,,,,,,,,,,2014,2014,,Year,,,,,,,,,,,,,,,NACE,NACE,,1103,1103 - Manufacture of cider and other fruit wines,,,,Prodcom Elements,Prodcom Elements,,Net carry in/carry out,Net carry in/carry out,,,
558735,,,,,,,,,,,,,,,,,2014,2014,,Year,,,,,,,,,,,,,,,NACE,NACE,,1103,1103 - Manufacture of cider and other fruit wines,,,,Prodcom Elements,Prodcom Elements,,Total turnover of businesses classified to this industry,Total turnover of businesses classified to this industry,,,
0,,,,,,,,,,,,,,,,,2014,2014,,Year,,,,,,,,,,,,,,,NACE,NACE,,1104,1104 - Manufacture of other non-distilled fermented beverages,,,,Prodcom Elements,Prodcom Elements,,UK manufacturer sales of individual products listed in this product group,UK manufacturer sales of individual products listed in this product group,,,
0,,,,,,,,,,,,,,,,,2014,2014,,Year,,,,,,,,,,,,,,,NACE,NACE,,1104,1104 - Manufacture of other non-distilled fermented beverages,,,,Prodcom Elements,Prodcom Elements,,All other income,All other income,,,
0,,,,,,,,,,,,,,,,,2014,2014,,Year,,,,,,,,,,,,,,,NACE,NACE,,1104,1104 - Manufacture of other non-distilled fermented beverages,,,,Prodcom Elements,Prodcom Elements,,Total UK manufacturer sales of products in this product group,Total UK manufacturer sales of products in this product group,,,
0,,,,,,,,,,,,,,,,,2014,2014,,Year,,,,,,,,,,,,,,,NACE,NACE,,1104,1104 - Manufacture of other non-distilled fermented beverages,,,,Prodcom Elements,Prodcom Elements,,Merchanted goods,Merchanted goods,,,
0,,,,,,,,,,,,,,,,,2014,2014,,Year,,,,,,,,,,,,,,,NACE,NACE,,1104,1104 - Manufacture of other non-distilled fermented beverages,,,,Prodcom Elements,Prodcom Elements,,Work done,Work done,,,
0,,,,,,,,,,,,,,,,,2014,2014,,Year,,,,,,,,,,,,,,,NACE,NACE,,1104,1104 - Manufacture of other non-distilled fermented beverages,,,,Prodcom Elements,Prodcom Elements,,Waste Products,Waste Products,,,
0,,,,,,,,,,,,,,,,,2014,2014,,Year,,,,,,,,,,,,,,,NACE,NACE,,1104,1104 - Manufacture of other non-distilled fermented beverages,,,,Prodcom Elements,Prodcom Elements,,Non production income,Non production income,,,
0,,,,,,,,,,,,,,,,,2014,2014,,Year,,,,,,,,,,,,,,,NACE,NACE,,1104,1104 - Manufacture of other non-distilled fermented beverages,,,,Prodcom Elements,Prodcom Elements,,Net carry in/carry out,Net carry in/carry out,,,
0,,,,,,,,,,,,,,,,,2014,2014,,Year,,,,,,,,,,,,,,,NACE,NACE,,1104,1104 - Manufacture of other non-distilled fermented beverages,,,,Prodcom Elements,Prodcom Elements,,Total turnover of businesses classified to this industry,Total turnover of businesses classified to this industry,,,
3285923,,,,,,,,,,,,,,,,,2014,2014,,Year,,,,,,,,,,,,,,,NACE,NACE,,1105,1105 - Manufacture of beer,,,,Prodcom Elements,Prodcom Elements,,UK manufacturer sales of individual products listed in this product group,UK manufacturer sales of individual products listed in this product group,,,
251,,,,,,,,,,,,,,,,,2014,2014,,Year,,,,,,,,,,,,,,,NACE,NACE,,1105,1105 - Manufacture of beer,,,,Prodcom Elements,Prodcom Elements,,All other income,All other income,,,
3286174,,,,,,,,,,,,,,,,,2014,2014,,Year,,,,,,,,,,,,,,,NACE,NACE,,1105,1105 - Manufacture of beer,,,,Prodcom Elements,Prodcom Elements,,Total UK manufacturer sales of products in this product group,Total UK manufacturer sales of products in this product group,,,
1009721,,,,,,,,,,,,,,,,,2014,2014,,Year,,,,,,,,,,,,,,,NACE,NACE,,1105,1105 - Manufacture of beer,,,,Prodcom Elements,Prodcom Elements,,Merchanted goods,Merchanted goods,,,
68991,,,,,,,,,,,,,,,,,2014,2014,,Year,,,,,,,,,,,,,,,NACE,NACE,,1105,1105 - Manufacture of beer,,,,Prodcom Elements,Prodcom Elements,,Work done,Work done,,,
1388,,,,,,,,,,,,,,,,,2014,2014,,Year,,,,,,,,,,,,,,,NACE,NACE,,1105,1105 - Manufacture of beer,,,,Prodcom Elements,Prodcom Elements,,Waste Products,Waste Products,,,
82039,,,,,,,,,,,,,,,,,2014,2014,,Year,,,,,,,,,,,,,,,NACE,NACE,,1105,1105 - Manufacture of beer,,,,Prodcom Elements,Prodcom Elements,,Non production income,Non production income,,,
496922,,,,,,,,,,,,,,,,,2014,2014,,Year,,,,,,,,,,,,,,,NACE,NACE,,1105,1105 - Manufacture of beer,,,,Prodcom Elements,Prodcom Elements,,Net carry in/carry out,Net carry in/carry out,,,
4945235,,,,,,,,,,,,,,,,,2014,2014,,Year,,,,,,,,,,,,,,,NACE,NACE,,1105,1105 - Manufacture of beer,,,,Prodcom Elements,Prodcom Elements,,Total turnover of businesses classified to this industry,Total turnover of businesses classified to this industry,,,
518581,,,,,,,,,,,,,,,,,2014,2014,,Year,,,,,,,,,,,,,,,NACE,NACE,,1106,1106 - Manufacture of malt,,,,Prodcom Elements,Prodcom Elements,,UK manufacturer sales of individual products listed in this product group,UK manufacturer sales of individual products listed in this product group,,,
71236,,,,,,,,,,,,,,,,,2014,2014,,Year,,,,,,,,,,,,,,,NACE,NACE,,1106,1106 - Manufacture of malt,,,,Prodcom Elements,Prodcom Elements,,Merchanted goods,Merchanted goods,,,
15681,,,,,,,,,,,,,,,,,2014,2014,,Year,,,,,,,,,,,,,,,NACE,NACE,,1106,1106 - Manufacture of malt,,,,Prodcom Elements,Prodcom Elements,,Work done,Work done,,,
6821,,,,,,,,,,,,,,,,,2014,2014,,Year,,,,,,,,,,,,,,,NACE,NACE,,1106,1106 - Manufacture of malt,,,,Prodcom Elements,Prodcom Elements,,Waste Products,Waste Products,,,
36960,,,,,,,,,,,,,,,,,2014,2014,,Year,,,,,,,,,,,,,,,NACE,NACE,,1106,1106 - Manufacture of malt,,,,Prodcom Elements,Prodcom Elements,,Net carry in/carry out,Net carry in/carry out,,,
651965,,,,,,,,,,,,,,,,,2014,2014,,Year,,,,,,,,,,,,,,,NACE,NACE,,1106,1106 - Manufacture of malt,,,,Prodcom Elements,Prodcom Elements,,Total turnover of businesses classified to this industry,Total turnover of businesses classified to this industry,,,
4829466,,,,,,,,,,,,,,,,,2014,2014,,Year,,,,,,,,,,,,,,,NACE,NACE,,1107,1107 - Manufacture of soft drinks; production of mineral waters and other bottled waters,,,,Prodcom Elements,Prodcom Elements,,UK manufacturer sales of individual products listed in this product group,UK manufacturer sales of individual products listed in this product group,,,
112615,,,,,,,,,,,,,,,,,2014,2014,,Year,,,,,,,,,,,,,,,NACE,NACE,,1107,1107 - Manufacture of soft drinks; production of mineral waters and other bottled waters,,,,Prodcom Elements,Prodcom Elements,,Merchanted goods,Merchanted goods,,,
11042,,,,,,,,,,,,,,,,,2014,2014,,Year,,,,,,,,,,,,,,,NACE,NACE,,1107,1107 - Manufacture of soft drinks; production of mineral waters and other bottled waters,,,,Prodcom Elements,Prodcom Elements,,Non production income,Non production income,,,
-121877,,,,,,,,,,,,,,,,,2014,2014,,Year,,,,,,,,,,,,,,,NACE,NACE,,1107,1107 - Manufacture of soft drinks; production of mineral waters and other bottled waters,,,,Prodcom Elements,Prodcom Elements,,Net carry in/carry out,Net carry in/carry out,,,
4995052,,,,,,,,,,,,,,,,,2014,2014,,Year,,,,,,,,,,,,,,,NACE,NACE,,1107,1107 - Manufacture of soft drinks; production of mineral waters and other bottled waters,,,,Prodcom Elements,Prodcom Elements,,Total turnover of businesses classified to this industry,Total turnover of businesses classified to this industry,,,
0,,,,,,,,,,,,,,,,,2014,2014,,Year,,,,,,,,,,,,,,,NACE,NACE,,12,12 - Manufacture of tobacco products,,,,Prodcom Elements,Prodcom Elements,,UK manufacturer sales of individual products listed in this product group,UK manufacturer sales of individual products listed in this product group,,,
1614611,,,,,,,,,,,,,,,,,2014,2014,,Year,,,,,,,,,,,,,,,NACE,NACE,,12,12 - Manufacture of tobacco products,,,,Prodcom Elements,Prodcom Elements,,All other income,All other income,,,
1614611,,,,,,,,,,,,,,,,,2014,2014,,Year,,,,,,,,,,,,,,,NACE,NACE,,12,12 - Manufacture of tobacco products,,,,Prodcom Elements,Prodcom Elements,,Total UK manufacturer sales of products in this product group,Total UK manufacturer sales of products in this product group,,,
0,,,,,,,,,,,,,,,,,2014,2014,,Year,,,,,,,,,,,,,,,NACE,NACE,,12,12 - Manufacture of tobacco products,,,,Prodcom Elements,Prodcom Elements,,Work done,Work done,,,
0,,,,,,,,,,,,,,,,,2014,2014,,Year,,,,,,,,,,,,,,,NACE,NACE,,12,12 - Manufacture of tobacco products,,,,Prodcom Elements,Prodcom Elements,,Waste Products,Waste Products,,,
0,,,,,,,,,,,,,,,,,2014,2014,,Year,,,,,,,,,,,,,,,NACE,NACE,,12,12 - Manufacture of tobacco products,,,,Prodcom Elements,Prodcom Elements,,Net carry in/carry out,Net carry in/carry out,,,
1878909,,,,,,,,,,,,,,,,,2014,2014,,Year,,,,,,,,,,,,,,,NACE,NACE,,12,12 - Manufacture of tobacco products,,,,Prodcom Elements,Prodcom Elements,,Total turnover of businesses classified to this industry,Total turnover of businesses classified to this industry,,,
0,,,,,,,,,,,,,,,,,2014,2014,,Year,,,,,,,,,,,,,,,NACE,NACE,,1200,1200 - Manufacture of tobacco products,,,,Prodcom Elements,Prodcom Elements,,UK manufacturer sales of individual products listed in this product group,UK manufacturer sales of individual products listed in this product group,,,
1614611,,,,,,,,,,,,,,,,,2014,2014,,Year,,,,,,,,,,,,,,,NACE,NACE,,1200,1200 - Manufacture of tobacco products,,,,Prodcom Elements,Prodcom Elements,,All other income,All other income,,,
1614611,,,,,,,,,,,,,,,,,2014,2014,,Year,,,,,,,,,,,,,,,NACE,NACE,,1200,1200 - Manufacture of tobacco products,,,,Prodcom Elements,Prodcom Elements,,Total UK manufacturer sales of products in this product group,Total UK manufacturer sales of products in this product group,,,
0,,,,,,,,,,,,,,,,,2014,2014,,Year,,,,,,,,,,,,,,,NACE,NACE,,1200,1200 - Manufacture of tobacco products,,,,Prodcom Elements,Prodcom Elements,,Work done,Work done,,,
0,,,,,,,,,,,,,,,,,2014,2014,,Year,,,,,,,,,,,,,,,NACE,NACE,,1200,1200 - Manufacture of tobacco products,,,,Prodcom Elements,Prodcom Elements,,Waste Products,Waste Products,,,
0,,,,,,,,,,,,,,,,,2014,2014,,Year,,,,,,,,,,,,,,,NACE,NACE,,1200,1200 - Manufacture of tobacco products,,,,Prodcom Elements,Prodcom Elements,,Net carry in/carry out,Net carry in/carry out,,,
1878909,,,,,,,,,,,,,,,,,2014,2014,,Year,,,,,,,,,,,,,,,NACE,NACE,,1200,1200 - Manufacture of tobacco products,,,,Prodcom Elements,Prodcom Elements,,Total turnover of businesses classified to this industry,Total turnover of businesses classified to this industry,,,
3800623,,,,,,,,,,,,,,,,,2014,2014,,Year,,,,,,,,,,,,,,,NACE,NACE,,13,13 - Manufacture of textiles,,,,Prodcom Elements,Prodcom Elements,,UK manufacturer sales of individual products listed in this product group,UK manufacturer sales of individual products listed in this product group,,,
458409,,,,,,,,,,,,,,,,,2014,2014,,Year,,,,,,,,,,,,,,,NACE,NACE,,13,13 - Manufacture of textiles,,,,Prodcom Elements,Prodcom Elements,,Merchanted goods,Merchanted goods,,,
111786,,,,,,,,,,,,,,,,,2014,2014,,Year,,,,,,,,,,,,,,,NACE,NACE,,13,13 - Manufacture of textiles,,,,Prodcom Elements,Prodcom Elements,,Work done,Work done,,,
*********,9216,,,,,,,,,,,,,,,,,,,,,,,,,,,,,,,,,,,,,,,,,,,,,,,,,
